[
  {
    "title": "ArcelorMittal:  Diversão e Arte",
    "data": "2025-10-18",
    "venue": "Centro Cultural Dr. Genésio Tureck",
    "description": "🌟 O Diversão e Arte, projeto da ArcelorMittal está de volta! 🌟\n\nE desta vez, Santa Catarina que será palco para muitos risos, emoção e momentos inesquecíveis. E aí... estão preparados? 🎭✨",
    "tags": "arte, cultural, teatro",
    "instagramUrl": "https://www.instagram.com/p/DN3mBTe4t6e/?hl=en",
    "shortcode": "DN3mBTe4t6e"
  },
  {
    "title": "Ciclo de Exposições 2025: Artistas São-Bentenses!",
    "data": "2025-08-29",
    "venue": "Museu Histórico Municipal Dr. Felippe Maria Wolff",
    "description": "Pra fechar com chave de ouro, vem aí a última exposição do Ciclo de Exposições 2025: Artistas São-Bentenses!\n\nQuando a Árvore se Torna Gesto 🌳\n\nCom produção e curadoria de Mayara Moreira, as esculturas em madeira de Adriano Stiegler e Roy Rudnick revelam o encontro entre natureza e técnica humana. Através de cortes brutos e entalhes delicados, cada obra guarda o tempo da árvore e a memória dos artistas, transformando matéria em presença viva.\n\nVenha conhecer este diálogo entre tradição, artesania e sensibilidade.",
    "tags": "arte, exposição, cultural",
    "instagramUrl": "https://www.instagram.com/p/DN0pwgxXDar/?hl=en&img_index=1",
    "shortcode": "DN0pwgxXDar"
  },
  {
    "title": "32 Festidança Escolar",
    "data": "2025-09-03",
    "venue": "Ginásio de Esportes Annes Gualberto",
    "description": "A Prefeitura de São Bento do Sul, por meio da Fundação Cultural, segue com as inscrições abertas para a 32ª edição do Festidança Escolar, um dos eventos mais tradicionais do calendário cultural do município. O festival será realizado entre os dias 22 e 25 de outubro, no Ginásio de Esportes Annes Gualberto.",
    "tags": "música, dança, talentos",
    "instagramUrl": "https://www.instagram.com/p/DNlmT3bRLZF/?hl=en",
    "shortcode": "DNlmT3bRLZF"
  },
  {
    "title": "A Trachtenfest – Festa dos Trajes",
    "data": "2025-08-17",
    "venue": "Sociedade Atiradores 23 de Setembro",
    "description": "Neste domingo (17), a Sociedade Atiradores 23 de Setembro será palco de uma verdadeira celebração da cultura e das tradições!\nCom entrada gratuita, a programação inclui apresentações de grupos folclóricos, música ao vivo, almoço típico e café da tarde.",
    "tags": "cultural, traje, música, dança",
    "instagramUrl": "https://www.instagram.com/p/DNTBkTaAA86/?hl=en&img_index=1",
    "shortcode": "DNTBkTaAA86"
  },
  {
    "id": "evt-001",
    "title": "Desfile Alegórico – Aniversário do Município",
    "description": "Inscrições abertas até 05/09 para o tradicional Desfile Alegórico de 23/09, celebrando o aniversário do município. Podem participar escolas, instituições sociais, culturais, clubes, empresas, bandas e grupos comunitários.",
    "start": "2025-09-23T09:00:00-03:00",
    "end": "2025-09-23T12:00:00-03:00",
    "venue": "Centro da cidade",
    "address": "Rua Central, São Bento do Sul - SC",
    "tags": "desfile, cultural, música",
    "instagramUrl": "https://www.instagram.com/p/DM7tLtFsYV0/",
    "shortcode": "DM7tLtFsYV0",
    "data_inicio": "2025-09-23 09:00:00",
    "data_fim": "2025-09-23 12:00:00",
    "data_post": "2025-08-04"
  },
  {
    "id": "evt-002",
    "title": "Rota do Patrimônio – Caminhada Estrada Dona Francisca",
    "description": "Caminhada de 9 km pela Estrada Dona Francisca, com saída da Casa Eichendorf e chegada na Pousada Ponte de Pedra. Evento gratuito com vagas limitadas, duração estimada de 2h30, passando por 14 imóveis tombados.",
    "start": "2025-08-16T14:00:00-03:00",
    "end": "2025-08-16T16:30:00-03:00",
    "venue": "Casa Eichendorf",
    "address": "Estrada Dona Francisca, São Bento do Sul - SC",
    "tags": "caminhada, patrimônio, cultural",
    "instagramUrl": "https://www.instagram.com/p/DMLannVR-62/",
    "shortcode": "DMLannVR-62",
    "data_inicio": "2025-08-16 14:00:00",
    "data_fim": "2025-08-16 16:30:00",
    "data_post": "2025-07-16"
  },
  {
    "id": "evt-003",
    "title": "Pré-lançamento do Filme – A Terra Quando Fala",
    "description": "Documentário homenageia mulheres camponesas de São Bento do Sul. Parte do Encontro Técnico em comemoração ao Dia do Agricultor. Direção de Robson Rodrigues.",
    "start": "2025-08-08T16:00:00-03:00",
    "end": "2025-08-08T18:00:00-03:00",
    "venue": "Centro de Eventos Promosul",
    "address": "SC-418, 53 – Brasília, São Bento do Sul - SC",
    "tags": "cinema, cultural, documentário",
    "instagramUrl": "https://www.instagram.com/p/DNEGIbhPRl8/",
    "shortcode": "DNEGIbhPRl8",
    "data_inicio": "2025-08-08 16:00:00",
    "data_fim": "2025-08-08 18:00:00",
    "data_post": "2025-08-07"
  },
  {
    "id": "evt-004",
    "title": "Feira Sabores e Encantos de Inverno – Casa Eichendorf",
    "description": "Feira especial com biscoitos artesanais, plantas, peças pintadas à mão, itens em madeira e decorações criativas, todos feitos por artesãs locais.",
    "start": "2025-07-20T10:00:00-03:00",
    "end": "2025-07-20T18:00:00-03:00",
    "venue": "Casa Eichendorf",
    "address": "Estrada Dona Francisca, São Bento do Sul - SC",
    "tags": "feira, artesanato, gastronomia",
    "instagramUrl": "https://www.instagram.com/p/DM0O8XPyGo3/",
    "shortcode": "DM0O8XPyGo3",
    "data_inicio": "2025-07-20 10:00:00",
    "data_fim": "2025-07-20 18:00:00",
    "data_post": "2025-08-01"
  },
  {
    "id": "evt-005",
    "title": "1ª Edição do SãoBentalentos",
    "description": "Mostra cultural que destaca talentos locais em música, canto, poesia, dublagem e fotografia. Categorias Infantil e Adulto. Evento no Centro Cultural Dr. Genésio Tureck.",
    "start": "2025-09-01T19:00:00-03:00",
    "end": "2025-09-01T21:00:00-03:00",
    "venue": "Centro Cultural Dr. Genésio Tureck",
    "address": "Rua Marechal Floriano, São Bento do Sul - SC",
    "tags": "cultural, música, talentos",
    "instagramUrl": "https://www.instagram.com/p/DMz4S8KMOSc/",
    "shortcode": "DMz4S8KMOSc",
    "data_inicio": "2025-09-01 19:00:00",
    "data_fim": "2025-09-01 21:00:00",
    "data_post": "2025-08-01"
  },
  {
    "id": "evt-006",
    "title": "Feira de Inverno – Sabores e Encantos Casa Eichendorf",
    "description": "Feira nos dias 26 e 27 de julho, 02 e 03 de agosto, das 10h às 18h. Artesanato, guloseimas, plantas e itens decorativos na Casa Eichendorf.",
    "start": "2025-07-26T10:00:00-03:00",
    "end": "2025-08-03T18:00:00-03:00",
    "venue": "Casa Eichendorf",
    "address": "Estrada Dona Francisca, 158, São Bento do Sul - SC",
    "tags": "feira, inverno, artesanato",
    "instagramUrl": "https://www.instagram.com/p/DMiAnGtg1Us/",
    "shortcode": "DMiAnGtg1Us",
    "data_inicio": "2025-07-26 10:00:00",
    "data_fim": "2025-08-03 18:00:00",
    "data_post": "2025-07-25"
  },
  {
    "id": "evt-007",
    "title": "Alegria de Graça – Festa na Praça",
    "description": "Evento na Praça CEU das Artes com atividades infantis, apresentações de dança e música, serviços de saúde e entrega das obras de reforma do espaço.",
    "start": "2025-07-19T09:00:00-03:00",
    "end": "2025-07-19T11:00:00-03:00",
    "venue": "Praça CEU das Artes",
    "address": "Bairro Serra Alta, São Bento do Sul - SC",
    "tags": "infantil, cultural, comunidade",
    "instagramUrl": "https://www.instagram.com/p/DMNz85es9NA/",
    "shortcode": "DMNz85es9NA",
    "data_inicio": "2025-07-19 09:00:00",
    "data_fim": "2025-07-19 11:00:00",
    "data_post": "2025-07-17"
  }
]